"Carimbo de data/hora","1- Qual é o seu papel na PUC-Rio? ","2- (Se Aluno) Em qual curso você está matriculado?","3- Você já perdeu algum objeto na PUC-Rio? ","4- Você sabe onde fica o Achados e Perdidos?","5- (Se já perdeu) Você já conseguiu recuperar algum objeto perdido? 
","6- Quanto tempo levou até recuperar (ou até desistir de procurar)?","7- Alguma dessas situações já aconteceu com você? (marque todas que se aplicam)","8- De 1 a 5, quão fácil é hoje encontrar informações sobre um objeto perdido na PUC? ","9- Quando você perde ou procura um objeto, onde/como busca essa informação hoje?","10- Você acredita que uma plataforma digital unificada de achados e perdidos resolveria esse problema para você?"
"2026/08/25 10:35:13 AM GMT-3","Aluno","Engenharia de Producao","Sim, mais de uma vez","Sim","Recuperei alguns, outros não","Semanas","Não sabia onde era o Achados e Perdidos;Tive que ir várias vezes ao Achados e Perdidos para checar","2","Vou pessoalmente até o Achados e Perdidos","Sim"
"2026/08/25 10:35:36 AM GMT-3","Aluno","Engenharia","Sim, uma vez","Não","Não recuperei nenhum","Nunca recuperei / desisti de procurar","Não sabia para quem avisar ou pedir ajuda para procurar;Não sabia onde era o Achados e Perdidos;Desisti de procurar por ser muito difícil;Nunca soube se encontraram meu objeto ou não","1","Pergunto para alguém (segurança, funcionário, colega)","Sim"
"2026/08/25 10:36:50 AM GMT-3","Aluno","Engenharia da computação ","Não, nunca perdi objetos na faculdade","Não","","","Nenhuma dessas","2","Não sei por onde buscar","Sim"
"2026/08/25 10:37:01 AM GMT-3","Aluno","Engenharia mecânica ","Sim, uma vez","Não","Não recuperei nenhum","Nunca recuperei / desisti de procurar","Não sabia para quem avisar ou pedir ajuda para procurar;Não sabia onde era o Achados e Perdidos;Desisti de procurar por ser muito difícil;Nunca soube se encontraram meu objeto ou não","1","Não sei por onde buscar","Sim"
"2026/08/25 10:37:32 AM GMT-3","Aluno","Engenharia de Produção ","Não, nunca perdi objetos na faculdade","Não","Não recuperei nenhum","Nunca recuperei / desisti de procurar","Nunca soube se encontraram meu objeto ou não","3","Pergunto para alguém (segurança, funcionário, colega)","Talvez"
"2026/08/25 10:40:18 AM GMT-3","Outro","-","Não, nunca perdi objetos na faculdade","Não","Não recuperei nenhum","Nunca recuperei / desisti de procurar","Nenhuma dessas","2","Não sei por onde buscar","Talvez"
"2026/08/25 10:41:50 AM GMT-3","Professor","economia","Sim, uma vez","Sim","Recuperei","Menos de 1 dia","Nenhuma dessas","3","Pergunto para alguém (segurança, funcionário, colega)","Sim"
"2026/08/25 10:45:22 AM GMT-3","Aluno","Economia ","Não, nunca perdi objetos na faculdade","Não","","","Não sabia para quem avisar ou pedir ajuda para procurar;Não sabia onde era o Achados e Perdidos","2","Não sei por onde buscar","Sim"
"2026/08/25 10:54:52 AM GMT-3","Aluno","Engenharia da Computação ","Não, nunca perdi objetos na faculdade","Não","","","","2","","Sim"
"2026/08/25 10:57:30 AM GMT-3","Aluno","Eng Produção ","Não, nunca perdi objetos na faculdade","Não","Não recuperei nenhum","Nunca recuperei / desisti de procurar","Nenhuma dessas","3","Não sei por onde buscar","Sim"
"2026/08/25 11:01:35 AM GMT-3","Outro","","Não, nunca perdi objetos na faculdade","Sim","","","Nenhuma dessas","5","Vou pessoalmente até o Achados e Perdidos","Sim"
"2026/08/25 11:06:19 AM GMT-3","Outro","","Não, nunca perdi objetos na faculdade","Não","Não recuperei nenhum","Nunca recuperei / desisti de procurar","Nenhuma dessas","3","Pergunto para alguém (segurança, funcionário, colega)","Sim"
"2026/08/25 11:06:34 AM GMT-3","Aluno","Direito ","Sim, uma vez","Não","Não recuperei nenhum","Nunca recuperei / desisti de procurar","Não sabia para quem avisar ou pedir ajuda para procurar;Não sabia onde era o Achados e Perdidos;Desisti de procurar por ser muito difícil","5","Pergunto para alguém (segurança, funcionário, colega)","Sim"
"2026/08/25 11:08:40 AM GMT-3","Aluno","economia ","Sim, uma vez","Não","Recuperei","Alguns dias","Nenhuma dessas","3","Vou pessoalmente até o Achados e Perdidos","Talvez"
"2026/08/25 11:14:53 AM GMT-3","Aluno","Engenharia de produção ","Não, nunca perdi objetos na faculdade","Não","","","Não sabia para quem avisar ou pedir ajuda para procurar;Não sabia onde era o Achados e Perdidos","2","Não sei por onde buscar","Talvez"
"2026/08/25 11:49:25 AM GMT-3","Aluno","Eng prod","Sim, uma vez","Não","Não recuperei nenhum","Nunca recuperei / desisti de procurar","Não sabia para quem avisar ou pedir ajuda para procurar;Não sabia onde era o Achados e Perdidos;Desisti de procurar por ser muito difícil;Nunca soube se encontraram meu objeto ou não","1","Pergunto para alguém (segurança, funcionário, colega)","Sim"
"2026/08/25 12:51:50 PM GMT-3","Aluno","engenharia da computação","Não, nunca perdi objetos na faculdade","Não","Não recuperei nenhum","Nunca recuperei / desisti de procurar","Nenhuma dessas","2","Não sei por onde buscar","Sim"
"2026/08/25 1:47:28 PM GMT-3","Aluno","Engenharia da computação ","Não, nunca perdi objetos na faculdade","Não","","","Não sabia onde era o Achados e Perdidos","1","","Sim"
"2026/08/25 8:14:38 PM GMT-3","Aluno","Ciências econômicas","Sim, uma vez","Sim","Recuperei","Menos de 1 dia","Não sabia para quem avisar ou pedir ajuda para procurar;Nenhuma dessas","3","Pergunto para alguém (segurança, funcionário, colega)","Sim"
"2026/08/25 10:08:46 PM GMT-3","Aluno","Psicologia","Não, nunca perdi objetos na faculdade","Não","Não recuperei nenhum","Nunca recuperei / desisti de procurar","Não sabia para quem avisar ou pedir ajuda para procurar;Não sabia onde era o Achados e Perdidos","3","Redes sociais (grupos, Instagram etc.)","Sim"
"2026/08/26 2:20:47 PM GMT-3","Aluno","engenharia de produção ","Sim, uma vez","Não","Não recuperei nenhum","Nunca recuperei / desisti de procurar","Não sabia para quem avisar ou pedir ajuda para procurar;Não sabia onde era o Achados e Perdidos;Desisti de procurar por ser muito difícil","1","Não sei por onde buscar","Talvez"
"2026/08/26 5:03:38 PM GMT-3","Aluno","Engenharia da Computação ","Sim, uma vez","Não","Não recuperei nenhum","Nunca recuperei / desisti de procurar","Desisti de procurar por ser muito difícil;Nunca soube se encontraram meu objeto ou não","1","Não sei por onde buscar","Talvez"
"2026/08/27 10:48:03 AM GMT-3","Aluno","Relações Internacionais ","Não, nunca perdi objetos na faculdade","Sim","","","Nenhuma dessas","5","Vou pessoalmente até o Achados e Perdidos","Talvez"
"2026/08/27 10:49:33 AM GMT-3","Aluno","Engenharia ","Sim, uma vez","Não","Recuperei","Menos de 1 dia","Não sabia para quem avisar ou pedir ajuda para procurar;Não sabia onde era o Achados e Perdidos","3","Pergunto para alguém (segurança, funcionário, colega)","Sim"
"2026/08/27 10:58:29 AM GMT-3","Aluno","direito ","Não, nunca perdi objetos na faculdade","Não","Não recuperei nenhum","Nunca recuperei / desisti de procurar","Não sabia para quem avisar ou pedir ajuda para procurar;Vi um objeto supostamente perdido e não sabia se era real","4","Não sei por onde buscar","Sim"
"2026/08/27 10:58:38 AM GMT-3","Aluno","Equinocultura","Sim, mais de uma vez","Não","Não recuperei nenhum","Semanas","","1","Não sei por onde buscar","Talvez"
"2026/08/27 10:59:09 AM GMT-3","Aluno","Engenharia ","Sim, uma vez","Não","Recuperei","Alguns dias","Não sabia para quem avisar ou pedir ajuda para procurar;Não sabia onde era o Achados e Perdidos;O objeto foi encontrado, mas só fiquei sabendo muito tempo depois;Nunca soube se encontraram meu objeto ou não","2","Pergunto para alguém (segurança, funcionário, colega)","Sim"
"2026/08/27 11:11:25 AM GMT-3","Aluno","Eng de Prod","Não, nunca perdi objetos na faculdade","Não","Não recuperei nenhum","Nunca recuperei / desisti de procurar","Nenhuma dessas","2","Não sei por onde buscar","Sim"
"2026/08/27 11:15:06 AM GMT-3","Aluno","Eng Produção ","Sim, uma vez","Não","Recuperei","Alguns dias","Não sabia para quem avisar ou pedir ajuda para procurar;Não sabia onde era o Achados e Perdidos","3","Pergunto para alguém (segurança, funcionário, colega)","Sim"
"2026/08/27 11:16:05 AM GMT-3","Aluno","Direito","Sim, mais de uma vez","Sim","Recuperei","Menos de 1 dia","Tive que ir várias vezes ao Achados e Perdidos para checar","3","Vou pessoalmente até o Achados e Perdidos","Sim"
"2026/08/27 11:18:07 AM GMT-3","Aluno","Direito","Não, nunca perdi objetos na faculdade","Não","","","Não sabia onde era o Achados e Perdidos","3","Pergunto para alguém (segurança, funcionário, colega)","Sim"
"2026/08/27 11:18:14 AM GMT-3","Aluno","Ciência da Computação ","Sim, uma vez","Sim","Não recuperei nenhum","Nunca recuperei / desisti de procurar","Não sabia para quem avisar ou pedir ajuda para procurar;Nunca soube se encontraram meu objeto ou não;Vi um objeto supostamente perdido e não sabia se era real;Tive que ir várias vezes ao Achados e Perdidos para checar","2","Pergunto para alguém (segurança, funcionário, colega)","Sim"
"2026/08/27 11:19:22 AM GMT-3","Aluno","Economia ","Não, nunca perdi objetos na faculdade","Sim","","","","1","Vou pessoalmente até o Achados e Perdidos","Talvez"
"2026/08/27 11:25:01 AM GMT-3","Aluno","Engenharia de Produção ","Não, nunca perdi objetos na faculdade","Não","","","Não sabia para quem avisar ou pedir ajuda para procurar;Não sabia onde era o Achados e Perdidos","3","Pergunto para alguém (segurança, funcionário, colega)","Talvez"
"2026/08/27 11:26:34 AM GMT-3","Aluno","Engenharia de produção ","Não, nunca perdi objetos na faculdade","Não","","","Não sabia onde era o Achados e Perdidos","2","Não sei por onde buscar","Sim"
"2026/08/27 11:32:13 AM GMT-3","Aluno","Engenharia de Produção ","Sim, uma vez","Não","Não recuperei nenhum","Nunca recuperei / desisti de procurar","Não sabia onde era o Achados e Perdidos;Desisti de procurar por ser muito difícil;Nunca soube se encontraram meu objeto ou não;Tive que ir várias vezes ao Achados e Perdidos para checar","3","Pergunto para alguém (segurança, funcionário, colega)","Sim"
"2026/08/27 11:42:30 AM GMT-3","Aluno","Engenharia de produção ","Não, nunca perdi objetos na faculdade","Não","","","Não sabia para quem avisar ou pedir ajuda para procurar;Não sabia onde era o Achados e Perdidos","1","Pergunto para alguém (segurança, funcionário, colega)","Talvez"
"2026/08/27 12:30:36 PM GMT-3","Aluno","engenharia","Não, nunca perdi objetos na faculdade","Não","Não recuperei nenhum","Alguns dias","Não sabia para quem avisar ou pedir ajuda para procurar;Não sabia onde era o Achados e Perdidos;Desisti de procurar por ser muito difícil;Nunca soube se encontraram meu objeto ou não;Vi um objeto supostamente perdido e não sabia se era real","2","Não sei por onde buscar","Sim"
"2026/08/27 12:32:25 PM GMT-3","Aluno","Engenharia de Produção ","Sim, uma vez","Não","Não recuperei nenhum","Nunca recuperei / desisti de procurar","Não sabia para quem avisar ou pedir ajuda para procurar;Não sabia onde era o Achados e Perdidos;Desisti de procurar por ser muito difícil","2","Pergunto para alguém (segurança, funcionário, colega)","Sim"
"2026/08/27 12:56:05 PM GMT-3","Aluno","Engenharia Mecânica ","Não, nunca perdi objetos na faculdade","Sim","","","","3","","Sim"
"2026/08/27 1:21:09 PM GMT-3","Aluno","Engenharia ","Não, nunca perdi objetos na faculdade","Não","","","Não sabia para quem avisar ou pedir ajuda para procurar;Não sabia onde era o Achados e Perdidos","4","Não sei por onde buscar","Sim"
"2026/08/27 1:38:49 PM GMT-3","Aluno","Engenharia de produção ","Sim, uma vez","Não","Não recuperei nenhum","Nunca recuperei / desisti de procurar","Não sabia para quem avisar ou pedir ajuda para procurar;Não sabia onde era o Achados e Perdidos","1","Não sei por onde buscar","Sim"
"2026/08/27 2:32:05 PM GMT-3","Aluno","Direito","Não, nunca perdi objetos na faculdade","Não","","","","3","","Sim"
"2026/08/27 2:50:07 PM GMT-3","Aluno","Engenharia de Produção","Sim, uma vez","Não","Não recuperei nenhum","Nunca recuperei / desisti de procurar","Não sabia para quem avisar ou pedir ajuda para procurar;Não sabia onde era o Achados e Perdidos;Desisti de procurar por ser muito difícil","2","Não sei por onde buscar","Sim"
"2026/08/27 5:05:48 PM GMT-3","Aluno","Relacoes Internacionais","Sim, uma vez","Não","","","","2","Pergunto para alguém (segurança, funcionário, colega)","Sim"
"2026/08/27 5:07:54 PM GMT-3","Aluno","Psicologia ","Sim, uma vez","Sim","Recuperei alguns, outros não","Alguns dias","Não sabia para quem avisar ou pedir ajuda para procurar;Não sabia onde era o Achados e Perdidos","2","Vou pessoalmente até o Achados e Perdidos","Sim"
"2026/08/27 5:08:32 PM GMT-3","Aluno","Direito","Não, nunca perdi objetos na faculdade","Não","","","","2","Não sei por onde buscar","Sim"
"2026/08/27 5:09:27 PM GMT-3","Aluno","Direito","Sim, mais de uma vez","Sim","Recuperei","Alguns dias","Não sabia para quem avisar ou pedir ajuda para procurar;Não sabia onde era o Achados e Perdidos;Vi um objeto supostamente perdido e não sabia se era real;Tive que ir várias vezes ao Achados e Perdidos para checar","2","Vou pessoalmente até o Achados e Perdidos","Sim"
"2026/08/27 5:10:21 PM GMT-3","Aluno","Psicologia","Sim, mais de uma vez","Sim","Recuperei alguns, outros não","Alguns dias","Não sabia para quem avisar ou pedir ajuda para procurar;Não sabia onde era o Achados e Perdidos;Desisti de procurar por ser muito difícil;O objeto foi encontrado, mas só fiquei sabendo muito tempo depois;Nunca soube se encontraram meu objeto ou não;Vi um objeto supostamente perdido e não sabia se era real","2","Pergunto para alguém (segurança, funcionário, colega)","Sim"
"2026/08/27 5:10:53 PM GMT-3","Aluno","Direito","Sim, uma vez","Sim","Recuperei","Menos de 1 dia","Não sabia para quem avisar ou pedir ajuda para procurar;Não sabia onde era o Achados e Perdidos;Vi um objeto supostamente perdido e não sabia se era real","3","Vou pessoalmente até o Achados e Perdidos","Sim"
"2026/08/27 5:11:43 PM GMT-3","Aluno","Comunicação e estudos de midia","Não, nunca perdi objetos na faculdade","Sim","","","Vi um objeto supostamente perdido e não sabia se era real","3","Pergunto para alguém (segurança, funcionário, colega)","Sim"
"2026/08/27 5:12:24 PM GMT-3","Aluno","comunicação e estudos de midia","Sim, mais de uma vez","Sim","Recuperei","Alguns dias","Não sabia para quem avisar ou pedir ajuda para procurar;Tive que ir várias vezes ao Achados e Perdidos para checar","3","Vou pessoalmente até o Achados e Perdidos","Sim"
"2026/08/27 5:13:46 PM GMT-3","Aluno","Engenharia da computação ","Não, nunca perdi objetos na faculdade","Não","","","Não sabia onde era o Achados e Perdidos;Vi um objeto supostamente perdido e não sabia se era real","2","Pergunto para alguém (segurança, funcionário, colega)","Sim"
"2026/08/27 5:15:31 PM GMT-3","Aluno","Design","Não, nunca perdi objetos na faculdade","Sim","","","Nenhuma dessas","3","Vou pessoalmente até o Achados e Perdidos","Sim"
"2026/08/27 5:16:51 PM GMT-3","Aluno","Engenharia ","Sim, uma vez","Não","Recuperei","Menos de 1 dia","Não sabia para quem avisar ou pedir ajuda para procurar;Não sabia onde era o Achados e Perdidos;Vi um objeto supostamente perdido e não sabia se era real","2","Pergunto para alguém (segurança, funcionário, colega)","Sim"
"2026/08/27 5:33:09 PM GMT-3","Aluno","Direito ","Sim, uma vez","Não","Não recuperei nenhum","Alguns dias","Não sabia para quem avisar ou pedir ajuda para procurar;Não sabia onde era o Achados e Perdidos;Tive que ir várias vezes ao Achados e Perdidos para checar","2","Não sei por onde buscar","Sim"
"2026/08/27 5:49:00 PM GMT-3","Aluno","Psicologia","Não, nunca perdi objetos na faculdade","Não","","","Vi um objeto supostamente perdido e não sabia se era real","3","Não sei por onde buscar","Sim"
"2026/08/27 5:49:53 PM GMT-3","Aluno","Comunicação","Sim, mais de uma vez","Sim","Recuperei alguns, outros não","Alguns dias","Não sabia onde era o Achados e Perdidos;Desisti de procurar por ser muito difícil;O objeto foi encontrado, mas só fiquei sabendo muito tempo depois;Nunca soube se encontraram meu objeto ou não","2","Redes sociais (grupos, Instagram etc.)","Sim"
"2026/08/27 5:50:24 PM GMT-3","Aluno","Engenharia ","Sim, uma vez","Não","Não recuperei nenhum","Nunca recuperei / desisti de procurar","Não sabia para quem avisar ou pedir ajuda para procurar;Não sabia onde era o Achados e Perdidos;Desisti de procurar por ser muito difícil;Nunca soube se encontraram meu objeto ou não","2","Não sei por onde buscar","Talvez"
"2026/08/27 5:50:54 PM GMT-3","Aluno","Administração ","Sim, uma vez","Sim","Não recuperei nenhum","Menos de 1 dia","Não sabia para quem avisar ou pedir ajuda para procurar;Não sabia onde era o Achados e Perdidos;Peguei o objeto perdido antes de mim (fui roubado no processo);Desisti de procurar por ser muito difícil;O objeto foi encontrado, mas só fiquei sabendo muito tempo depois","2","Vou pessoalmente até o Achados e Perdidos","Sim"
"2026/08/27 5:52:09 PM GMT-3","Aluno","Administração","Não, nunca perdi objetos na faculdade","Não","","","Não sabia para quem avisar ou pedir ajuda para procurar;Não sabia onde era o Achados e Perdidos;Nenhuma dessas","3","Não sei por onde buscar","Sim"
"2026/08/27 5:52:41 PM GMT-3","Aluno","engenharia ","Sim, uma vez","Não","Não recuperei nenhum","Nunca recuperei / desisti de procurar","Não sabia para quem avisar ou pedir ajuda para procurar;Não sabia onde era o Achados e Perdidos","1","Não sei por onde buscar","Sim"
"2026/08/27 5:53:03 PM GMT-3","Aluno","design","Não, nunca perdi objetos na faculdade","Não","Não recuperei nenhum","Nunca recuperei / desisti de procurar","Não sabia para quem avisar ou pedir ajuda para procurar;Não sabia onde era o Achados e Perdidos;Meu objeto foi descartado em vez de ir para o Achados e Perdidos;Vi um objeto supostamente perdido e não sabia se era real;Tive que ir várias vezes ao Achados e Perdidos para checar","2","Vou pessoalmente até o Achados e Perdidos","Sim"
"2026/08/27 5:53:22 PM GMT-3","Aluno","Arquitetura","Não, nunca perdi objetos na faculdade","Não","Não recuperei nenhum","","Nenhuma dessas","4","Não sei por onde buscar","Sim"
"2026/08/27 5:55:44 PM GMT-3","Aluno","comunicacao - jornalismo","Não, nunca perdi objetos na faculdade","Não","","","","3","Pergunto para alguém (segurança, funcionário, colega)","Talvez"
"2026/08/27 5:56:11 PM GMT-3","Aluno","Economia","Não, nunca perdi objetos na faculdade","Não","","","","2","Vou pessoalmente até o Achados e Perdidos","Sim"
"2026/08/27 5:57:09 PM GMT-3","Aluno","Arquitetura e Urbanismo","Não, nunca perdi objetos na faculdade","Não","","","","3","Redes sociais (grupos, Instagram etc.)","Sim"
"2026/08/27 5:57:52 PM GMT-3","Aluno","Ciencias Sociais","Sim, uma vez","Sim","Recuperei","Menos de 1 dia","Nenhuma dessas","4","Vou pessoalmente até o Achados e Perdidos","Sim"
"2026/08/27 5:58:42 PM GMT-3","Aluno","Letras","Sim, uma vez","Não","Não recuperei nenhum","Menos de 1 dia","Desisti de procurar por ser muito difícil","2","Pergunto para alguém (segurança, funcionário, colega)","Sim"
"2026/08/27 6:00:59 PM GMT-3","Aluno","Cinema","Sim, mais de uma vez","Não","Não recuperei nenhum","Semanas","Vi um objeto supostamente perdido e não sabia se era real","1","Redes sociais (grupos, Instagram etc.)","Sim"
"2026/08/27 6:02:12 PM GMT-3","Outro",".","Sim, uma vez","Não","Não recuperei nenhum","Nunca recuperei / desisti de procurar","Não sabia para quem avisar ou pedir ajuda para procurar;Não sabia onde era o Achados e Perdidos;Desisti de procurar por ser muito difícil","1","Não sei por onde buscar","Sim"
"2026/08/27 6:05:48 PM GMT-3","Aluno","Engenharia de Produção","Sim, mais de uma vez","Não","Não recuperei nenhum","Nunca recuperei / desisti de procurar","Não sabia para quem avisar ou pedir ajuda para procurar;Não sabia onde era o Achados e Perdidos;Meu objeto foi descartado em vez de ir para o Achados e Perdidos;Desisti de procurar por ser muito difícil;Nunca soube se encontraram meu objeto ou não","1","Não sei por onde buscar","Sim"
"2026/08/27 6:17:11 PM GMT-3","Aluno","Adm","Sim, mais de uma vez","Não","Não recuperei nenhum","Nunca recuperei / desisti de procurar","Não sabia para quem avisar ou pedir ajuda para procurar;Não sabia onde era o Achados e Perdidos;Meu objeto foi descartado em vez de ir para o Achados e Perdidos;Peguei o objeto perdido antes de mim (fui roubado no processo);Desisti de procurar por ser muito difícil;O objeto foi encontrado, mas só fiquei sabendo muito tempo depois;Nunca soube se encontraram meu objeto ou não;Vi um objeto supostamente perdido e não sabia se era real;Tive que ir várias vezes ao Achados e Perdidos para checar;Nenhuma dessas","1","Não sei por onde buscar","Não"